symbol,AD,ALS,AnorexiaNervosa,BipolarDisorder,BrainAneurysm,EssentialTremor,FrontotemporalDementia,IntracranialHemorrhage,LBD,MajorDepressiveDisorder,MigraineDisorder,MigraineWithAura,MS,NarcolepsyCataplexy,Narcolepsy,NeuroticDisorder,OCD,PartialEpilepsy,PD,ProgressiveSupranuclearPalsy,RestlessLeg,Schizophrenia,TouretteSyndrome,UnipolarDepression,cluster2129,cluster0565
BCL11B,0.0,0.0,0.5327137280579215,0.793632288240279,0.0,0.0,0.0,0.0,0.0,0.0,0.0,0.0,0.0,0.0,0.0,0.0,0.5327137280579215,0.0,0.0,0.0,0.0,0.8335267579603428,0.5327137280579215,0.5327137280579215,1,7
CACNA1C,0.0,0.0,0.6527877973585098,0.7445450003773973,0.0,0.0,0.0,0.0,0.0,0.0,0.0,0.0,0.0,0.0,0.0,0.0,0.5834090576224175,0.0,0.0,0.0,0.0,0.7646391792493669,0.5834090576224175,0.7033580927111781,1,7
CACNA1I,0.0,0.0,0.5858287193196451,0.5858287193196451,0.0,0.0,0.0,0.0,0.0,0.0,0.0,0.0,0.0,0.0,0.0,0.0,0.5858287193196451,0.0,0.0,0.0,0.0,0.8305742159089006,0.6742154119730027,0.5858287193196451,1,7
CACNB2,0.0,0.0,0.3231437977238849,0.7076798491091406,0.0,0.0,0.0,0.0,0.0,0.0,0.0,0.0,0.0,0.0,0.0,0.0,0.3231437977238849,0.0,0.0,0.0,0.0,0.7892434117182935,0.3231437977238849,0.6227376281360503,1,7
CCDC68,0.0,0.0,0.3894330574007785,0.4980018180196165,0.0,0.0,0.0,0.0,0.0,0.3930726208990544,0.0,0.0,0.0,0.0,0.0,0.1600998317053312,0.3894330574007785,0.0,0.0,0.0,0.0,0.5912021285752399,0.3894330574007785,0.5609528112829828,1,6
CHRNA3,0.0,0.6309105817613403,0.361519379136952,0.4072122338393069,0.1397458829856425,0.0,0.0,0.0,0.0,0.0,0.0,0.0,0.0,0.0,0.0,0.0,0.2893586697670575,0.0,0.0,0.0,0.0,0.6729191039310854,0.2893586697670575,0.2893586697670575,1,3
CNNM2,0.0,0.0,0.4000626790746041,0.4783828852052643,0.2175523390502895,0.0,0.0,0.0,0.0,0.3001957508718059,0.0,0.0,0.0,0.0,0.0,0.0,0.3099314650491229,0.0,0.0,0.0,0.0,0.5266859016863257,0.3099314650491229,0.4244665622218067,1,7
CNTN4,0.0,0.0,0.588976415608721,0.6991200858293966,0.0,0.0,0.0,0.0,0.0,0.0,0.0,0.0,0.0,0.0,0.0,0.0,0.4738689441256777,0.0,0.0,0.0,0.0,0.7722966413459582,0.4738689441256777,0.4738689441256777,1,7
DCC,0.0,0.0,0.4774283572159896,0.6441941005511566,0.0,0.0,0.0,0.0,0.0,0.6418298670892659,0.0,0.0,0.0,0.0,0.0,0.4934223079898842,0.4774283572159896,0.0,0.0,0.0,0.0,0.6970129617751085,0.4774283572159896,0.7624397813717476,1,6
DCLK3,0.0,0.0,0.3649364818334376,0.5749983202122658,0.0,0.0,0.0,0.0,0.0,0.0,0.0,0.0,0.0,0.0,0.0,0.0,0.3649364818334376,0.0,0.0,0.0,0.0,0.5424426292505017,0.3649364818334376,0.4833389539557576,1,7
DPYD,0.0,0.0,0.5289348546664646,0.5759968003951176,0.0,0.0,0.0,0.0,0.0,0.0,0.0,0.0,0.0,0.0,0.0,0.0,0.4258389710610039,0.0,0.0,0.0,0.0,0.761864011087786,0.4258389710610039,0.5283053172204244,1,7
DRD2,0.0,0.0,0.4854270175536515,0.7242497726645118,0.0,0.0,0.0,0.0,0.0,0.666761689256073,0.0,0.0,0.0,0.0,0.0,0.4788076614945473,0.4854270175536515,0.0,0.0,0.0,0.0,0.7734369382721068,0.4854270175536515,0.7523777082710527,1,6
ENOX1,0.0,0.0,0.517932217088586,0.6460818774597115,0.0,0.0,0.0,0.0,0.0,0.0,0.0,0.0,0.0,0.0,0.0,0.0,0.517932217088586,0.0,0.0,0.0,0.0,0.6582894646624938,0.517932217088586,0.7029488312154565,1,7
ESR2,0.0,0.0,0.5038472248856353,0.629365635420598,0.0,0.0,0.0,0.0,0.0,0.5181870251192393,0.0,0.0,0.0,0.0,0.0,0.0,0.5038472248856353,0.0,0.0,0.0,0.0,0.6568686148742454,0.5038472248856353,0.7281260306209689,1,6
FHIT,0.0,0.0,0.4625156375039073,0.0,0.5434657065698097,0.0,0.0,0.0,0.0,0.5169909999958359,0.0,0.0,0.0,0.0,0.0,0.0,0.0,0.0,0.0,0.0,0.0,0.5156793836298579,0.0,0.7401536235172573,1,1
GRIN2A,0.0,0.0,0.4225320106938947,0.6911136093689877,0.0,0.0,0.0,0.0,0.0,0.0,0.0,0.0,0.0,0.0,0.0,0.0,0.4225320106938947,0.9098864095935448,0.0,0.0,0.0,0.5580573861426095,0.4225320106938947,0.4225320106938947,1,12
GRM3,0.0,0.0,0.4946947175456848,0.6419127980685257,0.0,0.0,0.0,0.0,0.0,0.0,0.0,0.0,0.0,0.0,0.0,0.4826603284802057,0.4946947175456848,0.0,0.0,0.0,0.0,0.8107662551891366,0.4946947175456848,0.4946947175456848,1,8
GSDME,0.0,0.0,0.4444052436904226,0.7217073979581949,0.0,0.0,0.0,0.0,0.0,0.0,0.0,0.0,0.0,0.0,0.0,0.0,0.4444052436904226,0.0,0.0,0.0,0.0,0.7149519226157732,0.4444052436904226,0.6504633210334411,1,7
HCN1,0.0,0.0,0.4489614013789914,0.4316716544316151,0.0,0.0,0.0,0.0,0.0,0.0,0.0,0.0,0.0,0.0,0.0,0.0,0.4316716544316151,0.0,0.0,0.0,0.0,0.7045048445580969,0.4316716544316151,0.4316716544316151,1,7
IGSF9B,0.0,0.0,0.5075639362781464,0.5075639362781464,0.0,0.0,0.0,0.0,0.0,0.0,0.5146905893266059,0.0,0.0,0.0,0.0,0.0,0.5075639362781464,0.0,0.7401965530217107,0.0,0.0,0.8010588008821857,0.5075639362781464,0.5075639362781464,1,11
IMMP2L,0.0,0.0,0.6268847679389881,0.5624051058228627,0.0,0.0,0.0,0.0,0.0,0.0,0.1961801161839987,0.0,0.0,0.0,0.0,0.0,0.5473058496610436,0.0,0.0,0.0,0.0,0.7850366710533045,0.5958058080215055,0.5473058496610436,1,7
KCNB1,0.0,0.0,0.5206707149436234,0.7468572996711648,0.0,0.0,0.0,0.0,0.0,0.0,0.0,0.0,0.0,0.0,0.0,0.0,0.5206707149436234,0.0,0.0,0.0,0.0,0.6166044415473508,0.5206707149436234,0.647824244581078,1,7
KCNV1,0.0,0.0,0.3696804696293931,0.3696804696293931,0.0,0.0,0.0,0.0,0.0,0.0,0.0,0.0,0.0,0.0,0.0,0.0,0.3696804696293931,0.0,0.0,0.0,0.0,0.5728863914995364,0.3696804696293931,0.3696804696293931,1,7
KIZ,0.0,0.0,0.453252177065285,0.453252177065285,0.0,0.0,0.0,0.0,0.0,0.0,0.0,0.0,0.0,0.0,0.0,0.0,0.453252177065285,0.0,0.0,0.0,0.0,0.453252177065285,0.453252177065285,0.453252177065285,1,7
LMAN2L,0.0,0.0,0.3610130831532633,0.6430741837039067,0.0,0.0,0.0,0.0,0.0,0.0,0.0,0.0,0.0,0.0,0.0,0.0,0.3610130831532633,0.0,0.0,0.0,0.0,0.4913083772782414,0.3610130831532633,0.4517372704896977,1,7
LRFN5,0.0,0.0,0.4765208029020331,0.5918575001532664,0.0,0.0,0.0,0.0,0.0,0.6568589822706976,0.0,0.0,0.0,0.0,0.0,0.0,0.4765208029020331,0.0,0.0,0.0,0.0,0.4765208029020331,0.4765208029020331,0.7150611914658447,1,6
MAD1L1,0.0,0.0,0.4111468440094178,0.5375889934873703,0.0,0.0,0.0,0.0,0.0,0.0,0.0,0.0,0.0,0.0,0.0,0.3308481895722215,0.3289232873816123,0.0,0.0,0.0,0.0,0.5780587928461071,0.3289232873816123,0.5180835199053428,1,8
MEF2C,0.0,0.0,0.6036753116528735,0.7041676515982265,0.0,0.0,0.4863446380892968,0.0,0.0,0.0,0.0,0.0,0.0,0.0,0.0,0.0,0.6036753116528735,0.0,0.0,0.0,0.0,0.6600880939238525,0.6036753116528735,0.7684242330036197,1,10
MOCS2,0.0,0.0,0.4861648085536703,0.4861648085536703,0.0,0.0,0.0,0.0,0.0,0.0,0.0,0.0,0.0,0.0,0.0,0.0,0.4861648085536703,0.0,0.0,0.0,0.0,0.4861648085536703,0.4861648085536703,0.4861648085536703,1,7
MRPS33,0.0,0.0,0.4003121851471394,0.5677986729446516,0.0,0.0,0.0,0.0,0.0,0.0,0.0,0.0,0.0,0.0,0.0,0.0,0.4003121851471394,0.0,0.0,0.0,0.0,0.4980480049985719,0.4003121851471394,0.4003121851471394,1,7
NAA11,0.0,0.0,0.5351340057586361,0.5351340057586361,0.0,0.0,0.0,0.0,0.0,0.0,0.0,0.0,0.0,0.0,0.0,0.0,0.5351340057586361,0.0,0.0,0.0,0.0,0.7480111641998596,0.5351340057586361,0.6705696285506283,1,7
NEGR1,0.0,0.0,0.4816810641132539,0.7346777438102321,0.0,0.0,0.0,0.0,0.0,0.6530272463185582,0.0,0.0,0.0,0.0,0.0,0.0,0.4816810641132539,0.0,0.0,0.0,0.0,0.7091969626371837,0.4816810641132539,0.8111730256606478,1,6
NGEF,0.0,0.0,0.4654214963725188,0.6512683912901315,0.0,0.0,0.0,0.0,0.0,0.0,0.0,0.0,0.0,0.0,0.0,0.0,0.4576568556463605,0.0,0.0,0.0,0.0,0.6749842375546792,0.5302145566164873,0.4576568556463605,1,7
NPAS3,0.0,0.0,0.5412379865767734,0.5412379865767734,0.0,0.0,0.0,0.0,0.0,0.0,0.0,0.0,0.0,0.0,0.0,0.0,0.5412379865767734,0.0,0.0,0.0,0.0,0.5632420544915137,0.5412379865767734,0.5412379865767734,1,7
NR4A2,0.0,0.0,0.4105108475856381,0.5131385594820477,0.0,0.0,0.0,0.0,0.0,0.0,0.0,0.0,0.0,0.0,0.0,0.3860804754077673,0.4105108475856381,0.0,0.3171902967427846,0.0,0.0,0.5117122416563098,0.4105108475856381,0.6018125694959373,1,8
OLFM4,0.0,0.0,0.51596999233376,0.666608200714002,0.0,0.0,0.0,0.0,0.0,0.0,0.0,0.0,0.0,0.0,0.0,0.0,0.51596999233376,0.0,0.0,0.0,0.0,0.51596999233376,0.51596999233376,0.8168505180743553,1,7
PAX6,0.0,0.0,0.3653839177780489,0.4559137197788122,0.0,0.0,0.0,0.0,0.0,0.0,0.0,0.0,0.0,0.0,0.0,0.5232045184634558,0.3653839177780489,0.0,0.0,0.0,0.0,0.3653839177780489,0.3653839177780489,0.5855191588658465,1,8
PCLO,0.0,0.0,0.3882477568527906,0.6539400882474142,0.0,0.0,0.0,0.0,0.0,0.4848270663927405,0.0,0.0,0.0,0.0,0.0,0.2570485983955286,0.3882477568527906,0.0,0.0,0.0,0.0,0.5677129917614574,0.3882477568527906,0.6460284438376265,1,6
PDE4B,0.0,0.0,0.526699867191112,0.526699867191112,0.0,0.0,0.0,0.0,0.0,0.4067871427417736,0.0,0.0,0.0,0.0,0.0,0.0,0.526699867191112,0.0,0.0,0.0,0.0,0.6601189572737926,0.526699867191112,0.526699867191112,1,6
PLCL1,0.0,0.0,0.3420605401019497,0.4766826322458132,0.30947457163921,0.0,0.0,0.0,0.0,0.0,0.0,0.0,0.0,0.0,0.0,0.0,0.3420605401019497,0.0,0.0,0.0,0.0,0.4543638177632925,0.3420605401019497,0.4392608264512444,1,7
PPP1R13B,0.0,0.0,0.4734731347086081,0.458953624516525,0.0,0.0,0.0,0.0,0.0,0.0,0.0,0.0,0.0,0.0,0.0,0.0,0.3758058633628623,0.0,0.0,0.0,0.0,0.6180605961094565,0.3758058633628623,0.3758058633628623,1,7
PPP1R16B,0.0,0.0,0.439014126113546,0.439014126113546,0.0,0.0,0.0,0.0,0.0,0.0,0.0,0.0,0.0,0.0,0.0,0.0,0.439014126113546,0.0,0.0,0.0,0.0,0.7173206182808174,0.439014126113546,0.439014126113546,1,7
PPP2R2B,0.0,0.0,0.5080786977803451,0.5080786977803451,0.0,0.0,0.0,0.0,0.0,0.0,0.0,0.0,0.0,0.0,0.0,0.0,0.5080786977803451,0.0,0.0,0.0,0.0,0.6891917108946677,0.5080786977803451,0.5080786977803451,1,7
RASGRP1,0.0,0.0,0.3542863975454112,0.5744166681695164,0.0,0.0,0.0,0.0,0.0,0.0,0.0,0.0,0.0,0.0,0.0,0.0,0.3542863975454112,0.0,0.0,0.0,0.0,0.3542863975454112,0.3542863975454112,0.5688624885712771,1,7
RGS6,0.0,0.0,0.5389925428951714,0.6690668065140374,0.0,0.0,0.0,0.0,0.0,0.0,0.0,0.0,0.0,0.0,0.0,0.0,0.5389925428951714,0.0,0.0,0.0,0.0,0.8523649915316276,0.5389925428951714,0.5389925428951714,1,7
RPTOR,0.0,0.0,0.4041914127537405,0.4041914127537405,0.0,0.0,0.0,0.0,0.0,0.0,0.0,0.0,0.0,0.0,0.0,0.0,0.4041914127537405,0.0,0.0,0.0,0.0,0.4041914127537405,0.4041914127537405,0.4041914127537405,1,7
RSRC1,0.0,0.0,0.4162888923528333,0.4484056835714178,0.0,0.0,0.0,0.0,0.0,0.293157055974855,0.0,0.0,0.0,0.0,0.0,0.0,0.4162888923528333,0.0,0.0,0.0,0.0,0.4162888923528333,0.4162888923528333,0.4976464723518632,1,7
RTN1,0.0,0.0,0.490921370067862,0.490921370067862,0.0,0.0,0.0,0.0,0.0,0.0,0.0,0.0,0.0,0.0,0.0,0.0,0.490921370067862,0.0,0.0,0.0,0.0,0.6562085379481376,0.490921370067862,0.6628392437708371,1,7
SEMA6D,0.0,0.0,0.4909013680722817,0.0,0.0,0.0,0.0,0.0,0.0,0.5006548774026212,0.0,0.0,0.0,0.0,0.0,0.0,0.0,0.0,0.0,0.0,0.4573272394275269,0.6876935441131875,0.0,0.6888225768442884,1,2
SHISA9,0.0,0.0,0.5296986604902187,0.6589610655602651,0.0,0.0,0.0,0.0,0.0,0.1105216165381289,0.0,0.0,0.0,0.0,0.0,0.0,0.5296986604902187,0.0,0.0,0.0,0.0,0.7066075591145501,0.5296986604902187,0.7598998415881686,1,7
SLC30A9,0.0,0.0,0.3752945079975922,0.4691181349969903,0.0,0.0,0.0,0.0,0.0,0.0,0.0,0.0,0.0,0.0,0.0,0.0,0.3752945079975922,0.0,0.0,0.0,0.0,0.3752945079975922,0.3752945079975922,0.5239614893057734,1,7
SLC39A8,0.0,0.0,0.5388135304700526,0.6019994167934142,0.0,0.0,0.0,0.0,0.0,0.0,0.0,0.0,0.0,0.0,0.0,0.0,0.3693111574211425,0.0,0.0,0.0,0.0,0.8503978824430846,0.3693111574211425,0.3693111574211425,1,7
SNAP91,0.0,0.0,0.5337896687368447,0.7300180501025599,0.0,0.0,0.0,0.0,0.0,0.0,0.0,0.0,0.0,0.0,0.0,0.0,0.5337896687368447,0.0,0.0,0.0,0.0,0.8348655194022968,0.5337896687368447,0.5337896687368447,1,7
SNX19,0.0,0.0,0.5495862990996297,0.5829238778759106,0.0,0.0,0.0,0.0,0.0,0.0,0.0,0.0,0.0,0.0,0.0,0.0,0.5495862990996297,0.0,0.0,0.0,0.0,0.7668394820573695,0.5495862990996297,0.5495862990996297,1,7
SORCS3,0.0,0.0,0.6839354276235451,0.7602560067802039,0.0,0.0,0.0,0.0,0.0,0.5822173445234236,0.0,0.0,0.0,0.0,0.0,0.0,0.6839354276235451,0.0,0.0,0.0,0.0,0.8068469764866574,0.6839354276235451,0.8523344143425333,1,5
SOX5,0.0,0.0,0.6084802998987157,0.6642797759776933,0.0,0.0,0.0,0.0,0.0,0.0,0.0,0.0,0.0,0.0,0.0,0.3689161180084317,0.6084802998987157,0.0,0.0,0.0,0.0,0.6467555477307423,0.5232600877756698,0.7248364282356494,1,8
SPPL3,0.0,0.0,0.4336056109675968,0.456456190365971,0.0,0.0,0.0,0.0,0.0,0.0,0.0,0.0,0.0,0.0,0.0,0.0,0.4336056109675968,0.0,0.0,0.0,0.0,0.4336056109675968,0.4336056109675968,0.5593710063812618,1,7
SRPK2,0.0,0.0,0.5237881274142099,0.5763016758203037,0.0,0.0,0.0,0.0,0.0,0.0,0.0,0.0,0.0,0.0,0.0,0.0,0.4221376235201702,0.0,0.0,0.0,0.0,0.6819760627013197,0.4221376235201702,0.4221376235201702,1,7
STAG1,0.0,0.0,0.316940135312058,0.3452017253247561,0.0,0.0,0.0,0.0,0.0,0.0,0.0,0.0,0.0,0.0,0.0,0.2301821679570243,0.316940135312058,0.0,0.0,0.0,0.0,0.5195268197254258,0.316940135312058,0.3893072420856217,1,8
SYNE1,0.0,0.6991204172533643,0.0,0.5566518711748709,0.0,0.1945378552357187,0.0,0.0,0.0,0.0,0.0,0.0,0.0,0.0,0.0,0.0,0.0,0.0,0.0,0.0,0.0,0.4148304452144988,0.0,0.4148304452144988,1,4
TCF4,0.0,0.0,0.7074230096249895,0.7495360898125176,0.0,0.0,0.0,0.0,0.0,0.7076570917049839,0.0,0.0,0.0,0.0,0.0,0.0,0.6917842197607085,0.0,0.0,0.0,0.0,0.8707289565470078,0.6917842197607085,0.838808417361282,1,5
TENM2,0.0,0.0,0.4704164257581229,0.5879045242468379,0.0,0.0,0.0,0.0,0.0,0.0,0.0,0.0,0.0,0.0,0.0,0.0,0.4704164257581229,0.0,0.0,0.0,0.0,0.4704164257581229,0.4704164257581229,0.706504051536413,1,7
TENM4,0.0,0.0,0.0,0.82882146204137,0.0,0.8894293129007484,0.0,0.0,0.0,0.0,0.0,0.0,0.0,0.0,0.0,0.0,0.0,0.0,0.0,0.0,0.0,0.6615052550037035,0.5299350812697267,0.6788149892259886,1,13
TFAP2B,0.0,0.0,0.4894781826041448,0.6898966692611149,0.0,0.0,0.0,0.0,0.0,0.0,0.0,0.0,0.0,0.0,0.0,0.0,0.4894781826041448,0.0,0.0,0.0,0.0,0.4894781826041448,0.4894781826041448,0.4894781826041448,1,7
TMEM161B,0.0,0.0,0.4976806970663729,0.4976806970663729,0.0,0.0,0.0,0.0,0.0,0.0,0.0,0.0,0.0,0.0,0.0,0.0,0.4976806970663729,0.0,0.0,0.0,0.0,0.5012753972420589,0.4976806970663729,0.6840197608340479,1,7
TRANK1,0.0,0.0,0.2354543968608957,0.7306574063382476,0.0,0.0,0.0,0.0,0.0,0.0,0.0,0.0,0.0,0.0,0.0,0.0,0.2354543968608957,0.0,0.0,0.0,0.0,0.7507562563735529,0.2354543968608957,0.3977686735331356,1,7
TSNARE1,0.0,0.0,0.4378112162452869,0.605053443310414,0.0,0.0,0.0,0.0,0.0,0.0,0.0,0.0,0.0,0.0,0.0,0.0,0.4378112162452869,0.0,0.0,0.0,0.0,0.8129872825773478,0.4378112162452869,0.5403528054188786,1,7
VRK2,0.0,0.0,0.5466184758287793,0.705994785614592,0.0,0.0,0.0,0.0,0.0,0.5988696399652539,0.0,0.0,0.0,0.0,0.0,0.0,0.5466184758287793,0.4116636799939479,0.0,0.0,0.0,0.7621852263855372,0.5466184758287793,0.7381470281950612,1,5
ZNF608,0.0,0.0,0.4161471345503703,0.5251800688231274,0.0,0.0,0.0,0.0,0.0,0.0,0.0,0.0,0.0,0.0,0.0,0.0,0.4161471345503703,0.0,0.55374650582621,0.0,0.0,0.4161471345503703,0.4161471345503703,0.571418639328724,1,9
ZNF804A,0.0,0.0,0.4878555977131295,0.7395567887306822,0.0,0.0,0.0,0.0,0.0,0.0,0.0,0.0,0.0,0.0,0.0,0.4780923365040572,0.4161703977408822,0.0,0.0,0.0,0.0,0.8344081939766738,0.4161703977408822,0.6925044457911973,1,8
ZSWIM6,0.0,0.0,0.6199515349527617,0.690927972082777,0.0,0.0,0.0,0.0,0.0,0.0,0.0,0.0,0.0,0.0,0.0,0.0,0.4932528707954395,0.0,0.0,0.0,0.0,0.8224859298867109,0.4932528707954395,0.4932528707954395,1,7
ABCB9,0.0,0.0,0.1578880508025229,0.1285590490415351,0.0,0.0,0.0,0.0,0.0,0.0,0.0,0.0,0.0,0.0,0.0,0.0,0.1285590490415351,0.0,0.0,0.0,0.0,0.2024546988292846,0.1602190963216412,0.1285590490415351,2,69
ACADS,0.0,0.0,0.1354269693018299,0.1560375257486342,0.0,0.0,0.0,0.0,0.0,0.0,0.0,0.0,0.0,0.0,0.0,0.0,0.1354269693018299,0.0,0.0,0.0,0.0,0.3538127150208506,0.1354269693018299,0.1678735062081836,2,69
AKAP6,0.0,0.0,0.2964566243001192,0.2964566243001192,0.0,0.0,0.0,0.0,0.0,0.0,0.0,0.0,0.0,0.0,0.0,0.0,0.2964566243001192,0.0,0.0,0.0,0.0,0.4665839274765048,0.2964566243001192,0.2964566243001192,2,69
ANKS1B,0.0,0.0,0.2778302188597122,0.3979925643789689,0.0,0.0,0.0,0.0,0.0,0.0,0.0,0.0,0.0,0.0,0.0,0.0,0.2778302188597122,0.0,0.0,0.0,0.0,0.3807074544431358,0.2778302188597122,0.2778302188597122,2,69
ARL3,0.0,0.0,0.1121612898641138,0.1350528060661186,0.0,0.0,0.0,0.0,0.0,0.0,0.0,0.0,0.0,0.0,0.0,0.0,0.1121612898641138,0.0,0.0,0.0,0.0,0.3167811701114685,0.1121612898641138,0.2663700605448401,2,69
AS3MT,0.0,0.0,0.1401217124881391,0.1697380440651462,0.0,0.0,0.0,0.0,0.0,0.0,0.0,0.0,0.0,0.0,0.0,0.0,0.1364880573893226,0.0,0.0,0.0,0.0,0.504159532182304,0.1364880573893226,0.1422728683024585,2,69
ASB3,0.0,0.0,0.4239097568459851,0.0,0.0,0.0,0.0,0.0,0.0,0.0,0.0,0.0,0.0,0.0,0.0,0.0,0.0,0.0,0.0,0.0,0.0,0.0,0.0,0.3400160969993488,2,69
ASTN1,0.0,0.0,0.1217592945494662,0.1488799509859173,0.0,0.0,0.0,0.0,0.0,0.0,0.0,0.0,0.0,0.0,0.0,0.0,0.1217592945494662,0.0,0.0,0.0,0.0,0.2540086723434948,0.1217592945494662,0.6713221282770803,2,69
ATF7IP2,0.0,0.0,0.1231688917053883,0.1839928299649597,0.0,0.0,0.0,0.0,0.0,0.0,0.0,0.0,0.0,0.0,0.0,0.0,0.1231688917053883,0.0,0.0,0.0,0.0,0.1888343258843519,0.1231688917053883,0.1231688917053883,2,69
ATP2A2,0.0,0.0,0.2077489515552466,0.1828945849069654,0.0,0.0,0.0,0.0,0.0,0.0,0.0,0.0,0.0,0.0,0.0,0.0,0.1621443653966802,0.0,0.0,0.0,0.0,0.7153254392544851,0.1621443653966802,0.1621443653966802,2,69
ATPAF2,0.0,0.0,0.2371972881388241,0.2371972881388241,0.0,0.0,0.0,0.0,0.0,0.0,0.0,0.0,0.0,0.0,0.0,0.0,0.2371972881388241,0.0,0.0,0.0,0.0,0.3836989978598975,0.2371972881388241,0.2371972881388241,2,69
ATXN7,0.0,0.0,0.1899026964134695,0.1899026964134695,0.0,0.0,0.0,0.0,0.0,0.0,0.0,0.0,0.0,0.0,0.0,0.0,0.1899026964134695,0.0,0.0,0.0,0.0,0.4044767767866036,0.1899026964134695,0.1899026964134695,2,69
BABAM2,0.0,0.0,0.1094636384755944,0.1593051230701718,0.0,0.0,0.0,0.0,0.0,0.0,0.0,0.0,0.0,0.0,0.0,0.0,0.1094636384755944,0.0,0.0,0.0,0.0,0.1684639829259904,0.1094636384755944,0.1094636384755944,2,69
BAG5,0.0,0.0,0.1775258456446764,0.2505375048914016,0.0,0.0,0.0,0.0,0.0,0.2227394552958843,0.0,0.0,0.0,0.0,0.0,0.0,0.1775258456446764,0.0,0.0,0.0,0.0,0.2473773258220673,0.1775258456446764,0.2969055621206179,2,69
BEAN1,0.0,0.0,0.1417094461892217,0.1417094461892217,0.0,0.0,0.0,0.0,0.0,0.0,0.0,0.0,0.0,0.0,0.0,0.0,0.1417094461892217,0.0,0.0,0.0,0.0,0.1417094461892217,0.1417094461892217,0.1417094461892217,2,69
BOLL,0.0,0.0,0.1202046557489626,0.1712878870386565,0.1295965347968903,0.0,0.0,0.0,0.0,0.0,0.0,0.0,0.0,0.0,0.0,0.0,0.1202046557489626,0.0,0.0,0.0,0.0,0.1547825206560872,0.1202046557489626,0.1571071554114399,2,69
BORCS7-ASMT,0.0,0.0,0.1257121832642248,0.1605766261404594,0.0,0.0,0.0,0.0,0.0,0.1198167690728205,0.0,0.0,0.0,0.0,0.0,0.0,0.1096168149897552,0.0,0.0,0.0,0.0,0.3031742734437558,0.1096168149897552,0.1421734623910893,2,69
BRINP2,0.0,0.0,0.2564116870253931,0.320167758053582,0.0,0.0,0.0,0.0,0.0,0.0,0.0,0.0,0.0,0.0,0.0,0.0,0.2564116870253931,0.0,0.0,0.0,0.0,0.7656504177267179,0.2564116870253931,0.4780646225776315,2,69
C2CD4A,0.0,0.0,0.1481704984110227,0.1481704984110227,0.0,0.0,0.0,0.0,0.0,0.0,0.0,0.0,0.0,0.0,0.0,0.0,0.1481704984110227,0.0,0.0,0.0,0.0,0.2808781231349637,0.1481704984110227,0.1481704984110227,2,69
C2orf69,0.0,0.0,0.3532646198789764,0.3862229334486713,0.0,0.0,0.0,0.0,0.0,0.0,0.0,0.0,0.0,0.0,0.0,0.0,0.2374109688778404,0.0,0.0,0.0,0.0,0.6085694784803672,0.2374109688778404,0.2374109688778404,2,69
C3orf49,0.0,0.0,0.250962973122475,0.250962973122475,0.0,0.0,0.0,0.0,0.0,0.0,0.0,0.0,0.0,0.0,0.0,0.0,0.250962973122475,0.0,0.0,0.0,0.0,0.4339971634720594,0.250962973122475,0.250962973122475,2,69
CDC25C,0.0,0.0,0.197285317028558,0.276617469166144,0.0,0.0,0.0,0.0,0.0,0.0,0.0,0.0,0.0,0.0,0.0,0.0,0.197285317028558,0.0,0.0,0.0,0.0,0.2942402014637789,0.197285317028558,0.197285317028558,2,69
CDH5,0.0,0.0,0.2657215107852925,0.2657215107852925,0.0,0.0,0.0,0.0,0.0,0.0,0.0,0.0,0.0,0.0,0.0,0.0,0.2657215107852925,0.0,0.0,0.0,0.0,0.2657215107852925,0.2657215107852925,0.2657215107852925,2,69
CELSR3,0.0,0.0,0.3632286574598983,0.0,0.0,0.0,0.0,0.0,0.0,0.0,0.0,0.0,0.0,0.0,0.0,0.0,0.0,0.0,0.0,0.0,0.0,0.0,0.2482384090247452,0.2929163979066547,2,69
CHAC2,0.0,0.0,0.3709239541979258,0.0,0.0,0.0,0.0,0.0,0.0,0.0,0.0,0.0,0.0,0.0,0.0,0.0,0.0,0.0,0.0,0.0,0.0,0.0,0.0,0.2975448125777855,2,69
CKB,0.0,0.0,0.121691869344256,0.1656361554963485,0.0,0.0,0.0,0.0,0.0,0.1573469825795116,0.0,0.0,0.0,0.0,0.0,0.0,0.121691869344256,0.0,0.0,0.0,0.0,0.1521148366803201,0.121691869344256,0.1783123608144346,2,69
CNNM4,0.0,0.0,0.2809981073807395,0.4433628012871136,0.0,0.0,0.0,0.0,0.0,0.0,0.0,0.0,0.0,0.0,0.0,0.0,0.2809981073807395,0.0,0.0,0.0,0.0,0.381834308514845,0.2809981073807395,0.3517198733697653,2,69
COQ10B,0.0,0.0,0.1564862408818593,0.1623011927946616,0.0,0.0,0.0,0.0,0.0,0.0,0.0,0.0,0.0,0.0,0.0,0.0,0.1429740922893103,0.0,0.0,0.0,0.0,0.2159789069443378,0.1429740922893103,0.1429740922893103,2,69
CRYBA1,0.0,0.0,0.1514275443779292,0.1514275443779292,0.0,0.0,0.0,0.0,0.0,0.0,0.0,0.0,0.0,0.0,0.0,0.0,0.1514275443779292,0.0,0.0,0.0,0.0,0.1514275443779292,0.1514275443779292,0.3075685594672981,2,69
CSF3R,0.0,0.0,0.1628299410422946,0.2035143578781648,0.0,0.0,0.0,0.0,0.0,0.1321446966332965,0.0,0.0,0.0,0.0,0.0,0.1634397663767484,0.1628299410422946,0.0,0.0,0.0,0.0,0.1628299410422946,0.1628299410422946,0.2481311048156833,2,69
CYP17A1,0.0,0.0,0.167009366171784,0.2065962416191497,0.0,0.0,0.0,0.0,0.0,0.0,0.0,0.0,0.0,0.0,0.0,0.0,0.167009366171784,0.0,0.0,0.0,0.0,0.274916162120696,0.167009366171784,0.167009366171784,2,69
CYP2D6,0.0,0.0,0.2308351497710726,0.2871895538998852,0.0,0.0,0.0,0.0,0.0,0.0,0.0,0.0,0.0,0.0,0.0,0.0,0.2308351497710726,0.0,0.0,0.0,0.0,0.3640334596297901,0.2796282696263582,0.4179360388730833,2,69
DCAF4L1,0.0,0.0,0.1872899357407938,0.2341124196759922,0.0,0.0,0.0,0.0,0.0,0.0,0.0,0.0,0.0,0.0,0.0,0.0,0.1872899357407938,0.0,0.0,0.0,0.0,0.1872899357407938,0.1872899357407938,0.2697051290151813,2,69
DCP1B,0.0,0.0,0.1142284501712927,0.1712381408830453,0.0,0.0,0.0,0.0,0.0,0.0,0.0,0.0,0.0,0.0,0.0,0.0,0.1059156440969804,0.0,0.0,0.0,0.0,0.182968155165679,0.1059156440969804,0.1364430227956092,2,69
DDHD2,0.0,0.0,0.1317876592004133,0.1978662468170869,0.0,0.0,0.0,0.0,0.0,0.0,0.0,0.0,0.0,0.0,0.0,0.0,0.1317876592004133,0.0,0.0,0.0,0.0,0.2590006377146951,0.1820816307870186,0.1317876592004133,2,69
DGKI,0.0,0.0,0.2365801069980246,0.2365801069980246,0.0,0.0,0.0,0.0,0.0,0.0,0.0,0.0,0.0,0.0,0.0,0.0,0.2365801069980246,0.0,0.0,0.0,0.0,0.3849309181206329,0.2365801069980246,0.2365801069980246,2,69
DRC3,0.0,0.0,0.2312148434498554,0.2312148434498554,0.0,0.0,0.0,0.0,0.0,0.0,0.0,0.0,0.0,0.0,0.0,0.0,0.2312148434498554,0.0,0.0,0.0,0.0,0.3712326161506947,0.2312148434498554,0.2312148434498554,2,69
EP300,0.0,0.0,0.2552566080161305,0.3188244899790181,0.0,0.0,0.0,0.0,0.0,0.0,0.0,0.0,0.0,0.0,0.0,0.0,0.2552566080161305,0.0,0.0,0.0,0.0,0.5200863333850713,0.2552566080161305,0.5465516783784814,2,69
ERCC4,0.0,0.0,0.2718740449076922,0.3993937690208466,0.0,0.0,0.0,0.0,0.0,0.3420844555314479,0.0,0.0,0.0,0.0,0.0,0.0,0.2718740449076922,0.0,0.0,0.0,0.0,0.4389681413088817,0.2718740449076922,0.3717121221040332,2,69
FADS1,0.0,0.0,0.1539611938968899,0.2461778339886024,0.0,0.0,0.0,0.0,0.0,0.0,0.0,0.0,0.0,0.0,0.0,0.0,0.1539611938968899,0.0,0.0,0.0,0.0,0.1539611938968899,0.1539611938968899,0.2267603260850185,2,69
FADS2,0.0,0.0,0.1588173667984915,0.2785288440812238,0.0,0.0,0.0,0.0,0.0,0.0,0.0,0.0,0.0,0.0,0.0,0.0,0.1588173667984915,0.0,0.0,0.0,0.0,0.1588173667984915,0.1588173667984915,0.2480733717257957,2,69
FAM53C,0.0,0.0,0.1366120898046809,0.1907838202019911,0.0,0.0,0.0,0.0,0.0,0.0,0.0,0.0,0.0,0.0,0.0,0.0,0.1366120898046809,0.0,0.0,0.0,0.0,0.2082024256274373,0.1366120898046809,0.1366120898046809,2,69
FAM98B,0.0,0.0,0.1266007014851277,0.1776165586830543,0.0,0.0,0.0,0.0,0.0,0.0,0.0,0.0,0.0,0.0,0.0,0.0,0.1266007014851277,0.0,0.0,0.0,0.0,0.1266007014851277,0.1266007014851277,0.1266007014851277,2,69
FTCDNL1,0.0,0.0,0.1894631960431917,0.2045596443312729,0.0,0.0,0.0,0.0,0.0,0.0,0.0,0.0,0.0,0.0,0.0,0.0,0.1367046533874887,0.0,0.0,0.0,0.0,0.6505468687937921,0.1367046533874887,0.1367046533874887,2,69
FURIN,0.0,0.0,0.1990784850616814,0.2935443378402531,0.0,0.0,0.0,0.0,0.0,0.2357683140496837,0.0,0.0,0.0,0.0,0.0,0.0,0.1990784850616814,0.0,0.0,0.0,0.0,0.3767592598533795,0.1990784850616814,0.2888858870907281,2,69
GATAD2A,0.0,0.0,0.2034739892672931,0.2047797465144331,0.0,0.0,0.0,0.0,0.0,0.0,0.0,0.0,0.0,0.0,0.0,0.0,0.0,0.0,0.0,0.0,0.0,0.2696219707211275,0.1775709248704492,0.1145389002644737,2,69
GID4,0.0,0.0,0.2456597085135048,0.2456597085135048,0.0,0.0,0.0,0.0,0.0,0.0,0.0,0.0,0.0,0.0,0.0,0.0,0.2456597085135048,0.0,0.0,0.0,0.0,0.3727876893258564,0.2456597085135048,0.2456597085135048,2,69
GPR20,0.0,0.0,0.2121405853565958,0.2121405853565958,0.0,0.0,0.0,0.0,0.0,0.0,0.0,0.0,0.0,0.0,0.0,0.0,0.2121405853565958,0.0,0.0,0.0,0.0,0.2813069425407591,0.2121405853565958,0.2121405853565958,2,69
GRIA1,0.0,0.0,0.30278984221004,0.27284504305138,0.0,0.0,0.0,0.0,0.0,0.0,0.0,0.0,0.0,0.0,0.0,0.0,0.218276034441104,0.0,0.0,0.0,0.0,0.7504285219778903,0.218276034441104,0.218276034441104,2,69
GRIK3,0.2024365737182177,0.0,0.1970722704107784,0.2499694319688227,0.0,0.0,0.0,0.0,0.0,0.2571538987563191,0.0,0.0,0.0,0.0,0.0,0.1982347052263867,0.1970722704107784,0.0,0.0,0.0,0.0,0.1970722704107784,0.1970722704107784,0.406048305723546,2,69
HARBI1,0.0,0.0,0.1408110254857923,0.1163013496531168,0.0,0.0,0.0,0.0,0.0,0.0,0.0,0.0,0.0,0.0,0.0,0.0,0.1163013496531168,0.0,0.0,0.0,0.0,0.1820678696507972,0.1163013496531168,0.1163013496531168,2,69
HP,0.0,0.0,0.2573268689119396,0.2656958775666585,0.0,0.0,0.0,0.0,0.0,0.0,0.0,0.0,0.0,0.0,0.0,0.0,0.2573268689119396,0.0,0.0,0.0,0.0,0.2573268689119396,0.2573268689119396,0.2693932110194097,2,69
HSPD1,0.0,0.0,0.1870616158600847,0.2148754365741602,0.0,0.0,0.0,0.0,0.0,0.0,0.0,0.0,0.0,0.0,0.0,0.0,0.1870616158600847,0.0,0.0,0.0,0.0,0.326224362293707,0.1870616158600847,0.1870616158600847,2,69
HSPE1-MOB4,0.0,0.0,0.2048156154207976,0.2408633370190546,0.1260905056558333,0.0,0.0,0.0,0.0,0.0,0.0,0.0,0.0,0.0,0.0,0.0,0.2048156154207976,0.0,0.0,0.0,0.0,0.4238108065109855,0.2048156154207976,0.2048156154207976,2,69
HYI,0.0,0.0,0.111966360995954,0.111966360995954,0.0,0.0,0.0,0.0,0.0,0.0,0.0,0.0,0.0,0.0,0.0,0.0,0.111966360995954,0.0,0.0,0.0,0.0,0.111966360995954,0.111966360995954,0.111966360995954,2,69
ITIH3,0.0,0.0,0.1540333568936257,0.230961948884576,0.0,0.0,0.0,0.0,0.0,0.124092543639882,0.0,0.0,0.0,0.0,0.0,0.0,0.1540333568936257,0.0,0.1958950696292299,0.0,0.0,0.3801014198942031,0.1540333568936257,0.1783452828364533,2,69
KCNQ5,0.0,0.0,0.2184160665279156,0.2184160665279156,0.0,0.0,0.0,0.0,0.0,0.0,0.0,0.0,0.0,0.0,0.0,0.0,0.2184160665279156,0.0,0.0,0.0,0.0,0.3456253045967378,0.2184160665279156,0.5439812108997428,2,69
KDM3B,0.0,0.0,0.1925366548532004,0.2607471684476002,0.0,0.0,0.0,0.0,0.0,0.0,0.0,0.0,0.0,0.0,0.0,0.0,0.1925366548532004,0.0,0.0,0.0,0.0,0.2777345319278513,0.1925366548532004,0.1925366548532004,2,69
LSM1,0.0,0.0,0.1279187315344711,0.1836536613689802,0.0,0.0,0.0,0.0,0.0,0.0,0.0,0.0,0.0,0.0,0.0,0.0,0.1279187315344711,0.0,0.0,0.0,0.0,0.2091500709567743,0.1607323291387156,0.1279187315344711,2,69
MAIP1,0.0,0.0,0.1709740687916541,0.1962318116596431,0.0,0.0,0.0,0.0,0.0,0.0,0.0,0.0,0.0,0.0,0.0,0.0,0.127452317247133,0.0,0.0,0.0,0.0,0.3279387539121712,0.127452317247133,0.127452317247133,2,69
MDK,0.0,0.0,0.1331899367854889,0.1085270142323728,0.0,0.0,0.0,0.0,0.0,0.0,0.0,0.0,0.0,0.0,0.0,0.0,0.1085270142323728,0.0,0.0,0.0,0.0,0.1708648729462814,0.1085270142323728,0.1085270142323728,2,69
MGMT,0.0,0.0,0.5335322155147469,0.0,0.0,0.0,0.0,0.0,0.0,0.0,0.0,0.0,0.0,0.0,0.0,0.0,0.0,0.0,0.0,0.0,0.0,0.0,0.0,0.0,2,69
MOB4,0.0,0.0,0.2032860787623923,0.2230670726488275,0.0,0.0,0.0,0.0,0.0,0.0,0.0,0.0,0.0,0.0,0.0,0.0,0.2032860787623923,0.0,0.0,0.0,0.0,0.3019265443922143,0.2032860787623923,0.2032860787623923,2,69
MPHOSPH9,0.0,0.0,0.224886752863077,0.1867546468282759,0.0,0.0,0.0,0.0,0.0,0.0,0.0,0.0,0.1308564159288288,0.0,0.0,0.0,0.1867546468282759,0.0,0.0,0.0,0.0,0.4347233002337319,0.2316126956431946,0.1867546468282759,2,69
MPL,0.0,0.0,0.158998109468699,0.158998109468699,0.0,0.0,0.0,0.0,0.0,0.0,0.0,0.0,0.0,0.0,0.0,0.0,0.158998109468699,0.0,0.0,0.0,0.0,0.158998109468699,0.158998109468699,0.158998109468699,2,69
MRPL33,0.0,0.0,0.1662915726379082,0.250052826500772,0.0,0.0,0.0,0.0,0.0,0.0,0.0,0.0,0.0,0.0,0.0,0.0,0.1662915726379082,0.0,0.0,0.0,0.0,0.4105765770443583,0.1662915726379082,0.1662915726379082,2,69
MRTFB,0.0,0.0,0.1291483741422942,0.1889089557380996,0.2372053505374049,0.0,0.0,0.0,0.0,0.160203150437257,0.0,0.0,0.0,0.0,0.0,0.0,0.1291483741422942,0.0,0.0,0.0,0.0,0.2050502085741219,0.1291483741422942,0.1747557625128018,2,69
MYO18A,0.0,0.0,0.2452804858962121,0.2701362650998753,0.0,0.0,0.0,0.0,0.0,0.0,0.0,0.0,0.0,0.0,0.0,0.0,0.2452804858962121,0.0,0.0,0.0,0.0,0.2452804858962121,0.2452804858962121,0.303724724640493,2,69
NAGA,0.0,0.0,0.1647232639953165,0.2051802215435845,0.0,0.0,0.0,0.0,0.0,0.0,0.0,0.0,0.0,0.0,0.0,0.0,0.1647232639953165,0.0,0.0,0.0,0.0,0.2498122941059286,0.1952447284771887,0.1647232639953165,2,69
NDUFA13,0.0,0.0,0.1436843397804695,0.1945313435972596,0.0,0.0,0.0,0.0,0.0,0.0,0.0,0.0,0.0,0.0,0.0,0.0,0.0,0.0,0.0,0.0,0.0,0.1146586801638962,0.140614818183925,0.1086160720306291,2,69
NMB,0.0,0.0,0.3998747658017137,0.4393075575500373,0.0,0.0,0.0,0.0,0.0,0.0,0.0,0.0,0.0,0.0,0.0,0.0,0.2861373701201509,0.0,0.0,0.0,0.0,0.4486025465552969,0.2861373701201509,0.2861373701201509,2,69
NOX4,0.0,0.0,0.3172855320908105,0.3254691910713015,0.0,0.0,0.0,0.0,0.0,0.0,0.0,0.0,0.0,0.0,0.0,0.0,0.3172855320908105,0.0,0.0,0.0,0.0,0.3254691910713015,0.3172855320908105,0.325587063451789,2,69
NRGN,0.0,0.0,0.2335476848909047,0.2335476848909047,0.0,0.0,0.0,0.0,0.0,0.0,0.0,0.0,0.0,0.0,0.0,0.0,0.2335476848909047,0.0,0.0,0.0,0.0,0.3690858742103383,0.2335476848909047,0.2335476848909047,2,69
NSD3,0.0,0.0,0.1183759769265843,0.1676522560847498,0.0,0.0,0.0,0.0,0.0,0.0,0.0,0.0,0.0,0.0,0.0,0.0,0.1183759769265843,0.0,0.0,0.0,0.0,0.1917830395712763,0.1468031110822775,0.1183759769265843,2,69
NUF2,0.0,0.0,0.1298467137425157,0.2020850730192913,0.0,0.0,0.0,0.0,0.0,0.0,0.0,0.0,0.0,0.0,0.0,0.0,0.1298467137425157,0.0,0.0,0.0,0.0,0.1767358048162019,0.1298467137425157,0.1298467137425157,2,69
OSBPL3,0.0,0.0,0.1256697390386623,0.1570871737983279,0.0,0.0,0.0,0.0,0.0,0.0,0.0,0.0,0.0,0.0,0.0,0.0,0.1256697390386623,0.0,0.0,0.0,0.0,0.1256697390386623,0.1256697390386623,0.1570871737983279,2,69
PBX4,0.0,0.0,0.1401897293511104,0.1401897293511104,0.0,0.0,0.0,0.0,0.0,0.0,0.0,0.0,0.0,0.0,0.0,0.0,0.1401897293511104,0.0,0.0,0.0,0.0,0.1401897293511104,0.1401897293511104,0.1401897293511104,2,69
PCMTD1,0.0,0.0,0.2608198804498948,0.2608198804498948,0.0,0.0,0.0,0.0,0.0,0.0,0.0,0.0,0.0,0.0,0.0,0.0,0.2608198804498948,0.0,0.0,0.0,0.0,0.2608198804498948,0.2608198804498948,0.2608198804498948,2,69
PHETA2,0.0,0.0,0.1229123806062707,0.1516167706843961,0.0,0.0,0.0,0.0,0.0,0.0,0.0,0.0,0.0,0.0,0.0,0.0,0.1229123806062707,0.0,0.0,0.0,0.0,0.1909583469357656,0.14031803585684,0.1376201649164241,2,69
PLEKHO1,0.0,0.0,0.1078342458401594,0.1745726487450217,0.0,0.0,0.0,0.0,0.0,0.0,0.0,0.0,0.0,0.0,0.0,0.0,0.1078342458401594,0.0,0.0,0.0,0.0,0.1930343206484586,0.1078342458401594,0.1516823727910508,2,69
PLPP5,0.0,0.0,0.1256994159125396,0.1772759523681517,0.0,0.0,0.0,0.0,0.0,0.0,0.0,0.0,0.0,0.0,0.0,0.0,0.1256994159125396,0.0,0.0,0.0,0.0,0.2170933472472218,0.153894984845623,0.1256994159125396,2,69
PMFBP1,0.0,0.0,0.198602291718986,0.4814438302997318,0.0,0.0,0.0,0.0,0.0,0.0,0.0,0.0,0.0,0.0,0.0,0.0,0.1724634383991523,0.0,0.0,0.0,0.0,0.1724634383991523,0.1724634383991523,0.5927836218264142,2,69
PSMA4,0.0,0.0,0.1201119868567353,0.1365670421276978,0.1056636250674092,0.0,0.0,0.0,0.0,0.0,0.0,0.0,0.0,0.0,0.0,0.0,0.1041384242129598,0.0,0.0,0.0,0.0,0.1611325984088694,0.1041384242129598,0.1041384242129598,2,69
PTN,0.0,0.0,0.2504944118818069,0.2504944118818069,0.0,0.0,0.0,0.0,0.0,0.0,0.0,0.0,0.0,0.0,0.0,0.0,0.2504944118818069,0.0,0.0,0.0,0.0,0.4471940435580737,0.2504944118818069,0.2504944118818069,2,69
PTP4A3,0.0,0.0,0.3291258075868628,0.3291258075868628,0.0,0.0,0.0,0.0,0.0,0.0,0.0,0.0,0.0,0.0,0.0,0.0,0.3291258075868628,0.0,0.0,0.0,0.0,0.4139183071098885,0.3291258075868628,0.3291258075868628,2,69
PTPRF,0.0,0.0,0.247847444897849,0.247847444897849,0.0,0.0,0.0,0.0,0.0,0.0,0.0,0.0,0.0,0.0,0.0,0.0,0.247847444897849,0.0,0.0,0.0,0.0,0.3801933538176649,0.247847444897849,0.247847444897849,2,69
PXDNL,0.0,0.0,0.344095670681246,0.344095670681246,0.0,0.0,0.0,0.0,0.0,0.0,0.0,0.0,0.0,0.0,0.0,0.0,0.344095670681246,0.0,0.0,0.0,0.0,0.344095670681246,0.344095670681246,0.344095670681246,2,69
RBKS,0.0,0.0,0.1047796838430041,0.3261003543790291,0.0,0.0,0.0,0.0,0.0,0.0,0.0,0.0,0.0,0.0,0.0,0.0,0.1047796838430041,0.0,0.0,0.0,0.0,0.2039489945080143,0.1047796838430041,0.1047796838430041,2,69
RERE,0.0,0.0,0.2389588225811114,0.186633257905823,0.0,0.0,0.0,0.0,0.0,0.0,0.0,0.0,0.0,0.0,0.0,0.0,0.186633257905823,0.0,0.0,0.0,0.0,0.2995368532934269,0.2326944340019962,0.326220978393151,2,69
RFTN2,0.0,0.0,0.2078809269052743,0.2939684291603061,0.1930789779820082,0.0,0.0,0.0,0.0,0.0,0.0,0.0,0.0,0.0,0.0,0.0,0.2078809269052743,0.0,0.0,0.0,0.0,0.3413066865379386,0.2078809269052743,0.2580264918527593,2,69
RGS5,0.0,0.0,0.2691386633055895,0.3648209650749448,0.0,0.0,0.0,0.0,0.0,0.0,0.0,0.0,0.0,0.0,0.0,0.0,0.2691386633055895,0.0,0.0,0.0,0.0,0.3660219846579934,0.2691386633055895,0.2691386633055895,2,69
RORA,0.0,0.0,0.1503007018814491,0.1503007018814491,0.0,0.0,0.0,0.0,0.0,0.0,0.0,0.0,0.3077150845026298,0.0,0.0,0.0,0.1503007018814491,0.0,0.0,0.0,0.0,0.2494722457576315,0.1503007018814491,0.1503007018814491,2,69
RPS6KL1,0.0,0.0,0.1459838037972817,0.1459838037972817,0.0,0.0,0.0,0.0,0.0,0.0,0.0,0.0,0.0,0.0,0.0,0.0,0.1459838037972817,0.0,0.0,0.0,0.0,0.1459838037972817,0.1459838037972817,0.1873323926764609,2,69
SHMT2,0.0,0.0,0.1962390894590112,0.1962390894590112,0.0,0.0,0.0,0.0,0.0,0.0,0.0,0.0,0.0,0.0,0.0,0.0,0.1962390894590112,0.0,0.0,0.0,0.0,0.3439102500046718,0.1962390894590112,0.1962390894590112,2,69
SHOX2,0.0,0.0,0.2358589073272202,0.2599390065353367,0.0,0.0,0.0,0.0,0.0,0.1958613524971874,0.0,0.0,0.0,0.0,0.0,0.0,0.2358589073272202,0.0,0.0,0.0,0.0,0.2358589073272202,0.2358589073272202,0.3130126221631684,2,69
SLC45A4,0.0,0.0,0.1184305294706896,0.1184305294706896,0.0,0.0,0.0,0.0,0.0,0.0,0.0,0.0,0.0,0.0,0.0,0.0,0.1184305294706896,0.0,0.0,0.0,0.0,0.1473039422997371,0.1184305294706896,0.1184305294706896,2,69
SNORC,0.0,0.0,0.1336316543153765,0.1616225884879387,0.0,0.0,0.0,0.0,0.0,0.0,0.0,0.0,0.0,0.0,0.0,0.0,0.1135300133768935,0.0,0.0,0.0,0.0,0.2585122458516243,0.1416231422889077,0.1909158387074917,2,69
SPAG16,0.0,0.0,0.2702806250641274,0.2702806250641274,0.0,0.0,0.0,0.0,0.0,0.0,0.0,0.0,0.0,0.0,0.0,0.0,0.2702806250641274,0.0,0.0,0.0,0.0,0.2887861341583993,0.2702806250641274,0.2702806250641274,2,69
SUFU,0.0,0.0,0.1130925059590738,0.142090414904634,0.0,0.0,0.0,0.0,0.0,0.0,0.0,0.0,0.0,0.0,0.0,0.0,0.1130925059590738,0.0,0.0,0.0,0.0,0.1693092294396309,0.1130925059590738,0.1247327660287606,2,69
SUGP1,0.0,0.0,0.1117391111948319,0.2664837928712149,0.0,0.0,0.0,0.0,0.0,0.0,0.0,0.0,0.0,0.0,0.0,0.0,0.0,0.0,0.0,0.0,0.0,0.2015583138589722,0.1088702312193741,0.1750147436651175,2,69
TCAIM,0.0,0.0,0.1894519086851785,0.1894519086851785,0.0,0.0,0.0,0.0,0.0,0.0,0.0,0.0,0.0,0.0,0.0,0.0,0.1894519086851785,0.0,0.0,0.0,0.0,0.1894519086851785,0.1894519086851785,0.2707795788297827,2,69
TCTN1,0.0,0.0,0.1408435740229843,0.1288374808562448,0.0,0.0,0.0,0.0,0.0,0.0,0.0,0.0,0.0,0.0,0.0,0.0,0.1129822594526372,0.0,0.0,0.0,0.0,0.1658184816176111,0.1129822594526372,0.1129822594526372,2,69
THOC7,0.0,0.0,0.212375572569165,0.212375572569165,0.0,0.0,0.0,0.0,0.0,0.0,0.0,0.0,0.0,0.0,0.0,0.0,0.212375572569165,0.0,0.0,0.0,0.0,0.3957262437266789,0.212375572569165,0.212375572569165,2,69
TMEM178B,0.0,0.0,0.1130679292317145,0.1686078077774362,0.0,0.0,0.0,0.0,0.0,0.0,0.0,0.0,0.0,0.0,0.0,0.0,0.1130679292317145,0.0,0.0,0.0,0.0,0.1439542489554309,0.1130679292317145,0.1130679292317145,2,69
TOM1L2,0.0,0.0,0.1509598346714933,0.1509598346714933,0.0,0.0,0.0,0.0,0.0,0.0,0.0,0.0,0.0,0.0,0.0,0.0,0.1509598346714933,0.0,0.0,0.0,0.0,0.3469386417204713,0.1509598346714933,0.1509598346714933,2,69
TOPAZ1,0.0,0.0,0.1058959183970818,0.1058959183970818,0.0,0.0,0.0,0.0,0.0,0.0,0.0,0.0,0.0,0.0,0.0,0.0,0.1058959183970818,0.0,0.0,0.0,0.0,0.1058959183970818,0.1058959183970818,0.158433476595953,2,69
TRIM8,0.0,0.0,0.177006590940572,0.2286965713708845,0.0,0.0,0.0,0.0,0.0,0.0,0.0,0.0,0.0,0.0,0.0,0.0,0.177006590940572,0.0,0.0,0.0,0.0,0.2729330463487976,0.177006590940572,0.2100691128362808,2,69
TYW5,0.0,0.0,0.2578798633952734,0.2793421928762152,0.0,0.0,0.0,0.0,0.0,0.0,0.0,0.0,0.0,0.0,0.0,0.0,0.1849498471998965,0.0,0.0,0.0,0.0,0.4453059669893137,0.1849498471998965,0.1849498471998965,2,69
UNC119B,0.0,0.0,0.143185037248134,0.1782338352112892,0.0,0.0,0.0,0.0,0.0,0.0,0.0,0.0,0.0,0.0,0.0,0.0,0.143185037248134,0.0,0.0,0.0,0.0,0.193934373559528,0.143185037248134,0.1907143839265731,2,69
VPS45,0.0,0.0,0.1931160786037922,0.2727407260817772,0.0,0.0,0.0,0.0,0.0,0.0,0.0,0.0,0.0,0.0,0.0,0.0,0.1931160786037922,0.0,0.0,0.0,0.0,0.3046889173110019,0.1931160786037922,0.2415559476358652,2,69
VWC2L,0.0,0.0,0.1664184331207463,0.1664184331207463,0.0,0.0,0.0,0.0,0.0,0.0,0.0,0.0,0.0,0.0,0.0,0.0,0.1664184331207463,0.0,0.0,0.0,0.0,0.5252938799968017,0.1664184331207463,0.4868907369571254,2,69
WBP2NL,0.0,0.0,0.2135853671822795,0.2675594477777266,0.0,0.0,0.0,0.0,0.0,0.0,0.0,0.0,0.0,0.0,0.0,0.0,0.2135853671822795,0.0,0.0,0.0,0.0,0.3453375977953167,0.2438354572161898,0.3626375853488413,2,69
ZCCHC7,0.0,0.0,0.2701236528814212,0.3374621737185635,0.0,0.0,0.0,0.0,0.0,0.271170115981713,0.0,0.0,0.0,0.0,0.0,0.0,0.2701236528814212,0.0,0.0,0.0,0.0,0.2701236528814212,0.2701236528814212,0.3661305291025075,2,69
ZSCAN12,0.0,0.0,0.10896225693149,0.1710220947523921,0.0,0.0,0.0,0.0,0.0,0.1669940423301369,0.0,0.0,0.0,0.0,0.0,0.0,0.10896225693149,0.0,0.0,0.0,0.0,0.1861463948719116,0.10896225693149,0.202051828412384,2,69
ZSCAN2,0.0,0.0,0.2970242209347404,0.3382639436052344,0.0,0.0,0.0,0.0,0.0,0.0,0.0,0.0,0.0,0.0,0.0,0.0,0.2640261604823665,0.0,0.0,0.0,0.0,0.4179613552524257,0.2640261604823665,0.2640261604823665,2,69
